date,post num,post per,cpi,isi,open,low,high,amount,money,close
2014/1/2,1,2,3,4,5,6,7,8,9,10
2014/1/3,1,2,3,4,5,6,7,8,9,10
2014/1/6,1,2,3,4,5,6,7,8,9,10
2014/1/7,1,2,3,4,5,6,7,8,9,10
2014/1/8,1,2,3,4,5,6,7,8,9,10
2014/1/9,1,2,3,4,5,6,7,8,9,10
2014/1/10,1,2,3,4,5,6,7,8,9,10
2014/1/13,1,2,3,4,5,6,7,8,9,10
2014/1/14,1,2,3,4,5,6,7,8,9,10
2014/1/15,1,2,3,4,5,6,7,8,9,10
2014/1/16,1,2,3,4,5,6,7,8,9,10
2014/1/17,1,2,3,4,5,6,7,8,9,10
2014/1/20,1,2,3,4,5,6,7,8,9,10
2014/1/21,1,2,3,4,5,6,7,8,9,10
2014/1/22,1,2,3,4,5,6,7,8,9,10
2014/1/23,1,2,3,4,5,6,7,8,9,10
2014/1/24,1,2,3,4,5,6,7,8,9,10
2014/1/27,1,2,3,4,5,6,7,8,9,10
2014/1/28,1,2,3,4,5,6,7,8,9,10
2014/1/29,1,2,3,4,5,6,7,8,9,10
2014/1/30,1,2,3,4,5,6,7,8,9,10
2014/2/7,1,2,3,4,5,6,7,8,9,10
2014/2/10,1,2,3,4,5,6,7,8,9,10
2014/2/11,1,2,3,4,5,6,7,8,9,10
2014/2/12,1,2,3,4,5,6,7,8,9,10
2014/2/13,1,2,3,4,5,6,7,8,9,10
2014/2/14,1,2,3,4,5,6,7,8,9,10
2014/2/17,1,2,3,4,5,6,7,8,9,10
2014/2/18,1,2,3,4,5,6,7,8,9,10
2014/2/19,1,2,3,4,5,6,7,8,9,10
2014/2/20,1,2,3,4,5,6,7,8,9,10
2014/2/21,1,2,3,4,5,6,7,8,9,10
2014/2/24,1,2,3,4,5,6,7,8,9,10
2014/2/25,1,2,3,4,5,6,7,8,9,10
2014/2/26,1,2,3,4,5,6,7,8,9,10
2014/2/27,1,2,3,4,5,6,7,8,9,10
2014/2/28,1,2,3,4,5,6,7,8,9,10
2014/3/3,1,2,3,4,5,6,7,8,9,10
2014/3/4,1,2,3,4,5,6,7,8,9,10
2014/3/5,1,2,3,4,5,6,7,8,9,10
2014/3/6,1,2,3,4,5,6,7,8,9,10
2014/3/7,1,2,3,4,5,6,7,8,9,10
2014/3/10,1,2,3,4,5,6,7,8,9,10
2014/3/11,1,2,3,4,5,6,7,8,9,10
2014/3/12,1,2,3,4,5,6,7,8,9,10
2014/3/13,1,2,3,4,5,6,7,8,9,10
2014/3/14,1,2,3,4,5,6,7,8,9,10
2014/3/17,1,2,3,4,5,6,7,8,9,10
2014/3/18,1,2,3,4,5,6,7,8,9,10
2014/3/19,1,2,3,4,5,6,7,8,9,10
2014/3/20,1,2,3,4,5,6,7,8,9,10
2014/3/21,1,2,3,4,5,6,7,8,9,10
2014/3/24,1,2,3,4,5,6,7,8,9,10
2014/3/25,1,2,3,4,5,6,7,8,9,10
2014/3/26,1,2,3,4,5,6,7,8,9,10
2014/3/27,1,2,3,4,5,6,7,8,9,10
2014/3/28,1,2,3,4,5,6,7,8,9,10
2014/3/31,1,2,3,4,5,6,7,8,9,10
2014/4/1,1,2,3,4,5,6,7,8,9,10
2014/4/2,1,2,3,4,5,6,7,8,9,10
2014/4/3,1,2,3,4,5,6,7,8,9,10
2014/4/4,1,2,3,4,5,6,7,8,9,10
2014/4/8,1,2,3,4,5,6,7,8,9,10
2014/4/9,1,2,3,4,5,6,7,8,9,10
2014/4/10,1,2,3,4,5,6,7,8,9,10
2014/4/11,1,2,3,4,5,6,7,8,9,10
2014/4/14,1,2,3,4,5,6,7,8,9,10
2014/4/15,1,2,3,4,5,6,7,8,9,10
2014/4/16,1,2,3,4,5,6,7,8,9,10
2014/4/17,1,2,3,4,5,6,7,8,9,10
2014/4/18,1,2,3,4,5,6,7,8,9,10
2014/4/21,1,2,3,4,5,6,7,8,9,10
2014/4/22,1,2,3,4,5,6,7,8,9,10
2014/4/23,1,2,3,4,5,6,7,8,9,10
2014/4/24,1,2,3,4,5,6,7,8,9,10
2014/4/25,1,2,3,4,5,6,7,8,9,10
2014/4/28,1,2,3,4,5,6,7,8,9,10
2014/4/29,1,2,3,4,5,6,7,8,9,10
2014/4/30,1,2,3,4,5,6,7,8,9,10
2014/5/5,1,2,3,4,5,6,7,8,9,10
2014/5/6,1,2,3,4,5,6,7,8,9,10
2014/5/7,1,2,3,4,5,6,7,8,9,10
2014/5/8,1,2,3,4,5,6,7,8,9,10
2014/5/9,1,2,3,4,5,6,7,8,9,10
2014/5/12,1,2,3,4,5,6,7,8,9,10
2014/5/13,1,2,3,4,5,6,7,8,9,10
2014/5/14,1,2,3,4,5,6,7,8,9,10
2014/5/15,1,2,3,4,5,6,7,8,9,10
2014/5/16,1,2,3,4,5,6,7,8,9,10
2014/5/19,1,2,3,4,5,6,7,8,9,10
2014/5/20,1,2,3,4,5,6,7,8,9,10
2014/5/21,1,2,3,4,5,6,7,8,9,10
2014/5/22,1,2,3,4,5,6,7,8,9,10
2014/5/23,1,2,3,4,5,6,7,8,9,10
2014/5/26,1,2,3,4,5,6,7,8,9,10
2014/5/27,1,2,3,4,5,6,7,8,9,10
2014/5/28,1,2,3,4,5,6,7,8,9,10
2014/5/29,1,2,3,4,5,6,7,8,9,10
2014/5/30,1,2,3,4,5,6,7,8,9,10
2014/6/3,1,2,3,4,5,6,7,8,9,10
2014/6/4,1,2,3,4,5,6,7,8,9,10
2014/6/5,1,2,3,4,5,6,7,8,9,10
2014/6/6,1,2,3,4,5,6,7,8,9,10
2014/6/9,1,2,3,4,5,6,7,8,9,10
2014/6/10,1,2,3,4,5,6,7,8,9,10
2014/6/11,1,2,3,4,5,6,7,8,9,10
2014/6/12,1,2,3,4,5,6,7,8,9,10
2014/6/13,1,2,3,4,5,6,7,8,9,10
2014/6/16,1,2,3,4,5,6,7,8,9,10
2014/6/17,1,2,3,4,5,6,7,8,9,10
2014/6/18,1,2,3,4,5,6,7,8,9,10
2014/6/19,1,2,3,4,5,6,7,8,9,10
2014/6/20,1,2,3,4,5,6,7,8,9,10
2014/6/23,1,2,3,4,5,6,7,8,9,10
2014/6/24,1,2,3,4,5,6,7,8,9,10
2014/6/25,1,2,3,4,5,6,7,8,9,10
2014/6/26,1,2,3,4,5,6,7,8,9,10
2014/6/27,1,2,3,4,5,6,7,8,9,10
2014/6/30,1,2,3,4,5,6,7,8,9,10
2014/7/1,1,2,3,4,5,6,7,8,9,10
2014/7/2,1,2,3,4,5,6,7,8,9,10
2014/7/3,1,2,3,4,5,6,7,8,9,10
2014/7/4,1,2,3,4,5,6,7,8,9,10
2014/7/7,1,2,3,4,5,6,7,8,9,10
2014/7/8,1,2,3,4,5,6,7,8,9,10
2014/7/9,1,2,3,4,5,6,7,8,9,10
2014/7/10,1,2,3,4,5,6,7,8,9,10
2014/7/11,1,2,3,4,5,6,7,8,9,10
2014/7/14,1,2,3,4,5,6,7,8,9,10
2014/7/15,1,2,3,4,5,6,7,8,9,10
2014/7/16,1,2,3,4,5,6,7,8,9,10
2014/7/17,1,2,3,4,5,6,7,8,9,10
2014/7/18,1,2,3,4,5,6,7,8,9,10
2014/7/21,1,2,3,4,5,6,7,8,9,10
2014/7/22,1,2,3,4,5,6,7,8,9,10
2014/7/23,1,2,3,4,5,6,7,8,9,10
2014/7/24,1,2,3,4,5,6,7,8,9,10
2014/7/25,1,2,3,4,5,6,7,8,9,10
2014/7/28,1,2,3,4,5,6,7,8,9,10
2014/7/29,1,2,3,4,5,6,7,8,9,10
2014/7/30,1,2,3,4,5,6,7,8,9,10
2014/7/31,1,2,3,4,5,6,7,8,9,10
2014/8/1,1,2,3,4,5,6,7,8,9,10
2014/8/4,1,2,3,4,5,6,7,8,9,10
2014/8/5,1,2,3,4,5,6,7,8,9,10
2014/8/6,1,2,3,4,5,6,7,8,9,10
2014/8/7,1,2,3,4,5,6,7,8,9,10
2014/8/8,1,2,3,4,5,6,7,8,9,10
2014/8/11,1,2,3,4,5,6,7,8,9,10
2014/8/12,1,2,3,4,5,6,7,8,9,10
2014/8/13,1,2,3,4,5,6,7,8,9,10
2014/8/14,1,2,3,4,5,6,7,8,9,10
2014/8/15,1,2,3,4,5,6,7,8,9,10
2014/8/18,1,2,3,4,5,6,7,8,9,10
2014/8/19,1,2,3,4,5,6,7,8,9,10
2014/8/20,1,2,3,4,5,6,7,8,9,10
2014/8/21,1,2,3,4,5,6,7,8,9,10
2014/8/22,1,2,3,4,5,6,7,8,9,10
2014/8/25,1,2,3,4,5,6,7,8,9,10
2014/8/26,1,2,3,4,5,6,7,8,9,10
2014/8/27,1,2,3,4,5,6,7,8,9,10
2014/8/28,1,2,3,4,5,6,7,8,9,10
2014/8/29,1,2,3,4,5,6,7,8,9,10
2014/9/1,1,2,3,4,5,6,7,8,9,10
2014/9/2,1,2,3,4,5,6,7,8,9,10
2014/9/3,1,2,3,4,5,6,7,8,9,10
2014/9/4,1,2,3,4,5,6,7,8,9,10
2014/9/5,1,2,3,4,5,6,7,8,9,10
2014/9/9,1,2,3,4,5,6,7,8,9,10
2014/9/10,1,2,3,4,5,6,7,8,9,10
2014/9/11,1,2,3,4,5,6,7,8,9,10
2014/9/12,1,2,3,4,5,6,7,8,9,10
2014/9/15,1,2,3,4,5,6,7,8,9,10
2014/9/16,1,2,3,4,5,6,7,8,9,10
2014/9/17,1,2,3,4,5,6,7,8,9,10
2014/9/18,1,2,3,4,5,6,7,8,9,10
2014/9/19,1,2,3,4,5,6,7,8,9,10
2014/9/22,1,2,3,4,5,6,7,8,9,10
2014/9/23,1,2,3,4,5,6,7,8,9,10
2014/9/24,1,2,3,4,5,6,7,8,9,10
2014/9/25,1,2,3,4,5,6,7,8,9,10
2014/9/26,1,2,3,4,5,6,7,8,9,10
2014/9/29,1,2,3,4,5,6,7,8,9,10
2014/9/30,1,2,3,4,5,6,7,8,9,10
2014/10/8,1,2,3,4,5,6,7,8,9,10
2014/10/9,1,2,3,4,5,6,7,8,9,10
2014/10/10,1,2,3,4,5,6,7,8,9,10
2014/10/13,1,2,3,4,5,6,7,8,9,10
2014/10/14,1,2,3,4,5,6,7,8,9,10
2014/10/15,1,2,3,4,5,6,7,8,9,10
2014/10/16,1,2,3,4,5,6,7,8,9,10
2014/10/17,1,2,3,4,5,6,7,8,9,10
2014/10/20,1,2,3,4,5,6,7,8,9,10
2014/10/21,1,2,3,4,5,6,7,8,9,10
2014/10/22,1,2,3,4,5,6,7,8,9,10
2014/10/23,1,2,3,4,5,6,7,8,9,10
2014/10/24,1,2,3,4,5,6,7,8,9,10
2014/10/27,1,2,3,4,5,6,7,8,9,10
2014/10/28,1,2,3,4,5,6,7,8,9,10
2014/10/29,1,2,3,4,5,6,7,8,9,10
2014/10/30,1,2,3,4,5,6,7,8,9,10
2014/10/31,1,2,3,4,5,6,7,8,9,10
2014/11/3,1,2,3,4,5,6,7,8,9,10
2014/11/4,1,2,3,4,5,6,7,8,9,10
2014/11/5,1,2,3,4,5,6,7,8,9,10
2014/11/6,1,2,3,4,5,6,7,8,9,10
2014/11/7,1,2,3,4,5,6,7,8,9,10
2014/11/10,1,2,3,4,5,6,7,8,9,10
2014/11/11,1,2,3,4,5,6,7,8,9,10
2014/11/12,1,2,3,4,5,6,7,8,9,10
2014/11/13,1,2,3,4,5,6,7,8,9,10
2014/11/14,1,2,3,4,5,6,7,8,9,10
2014/11/17,1,2,3,4,5,6,7,8,9,10
2014/11/18,1,2,3,4,5,6,7,8,9,10
2014/11/19,1,2,3,4,5,6,7,8,9,10
2014/11/20,1,2,3,4,5,6,7,8,9,10
2014/11/21,1,2,3,4,5,6,7,8,9,10
2014/11/24,1,2,3,4,5,6,7,8,9,10
2014/11/25,1,2,3,4,5,6,7,8,9,10
2014/11/26,1,2,3,4,5,6,7,8,9,10
2014/11/27,1,2,3,4,5,6,7,8,9,10
2014/11/28,1,2,3,4,5,6,7,8,9,10
2014/12/1,1,2,3,4,5,6,7,8,9,10
2014/12/2,1,2,3,4,5,6,7,8,9,10
2014/12/3,1,2,3,4,5,6,7,8,9,10
2014/12/4,1,2,3,4,5,6,7,8,9,10
2014/12/5,1,2,3,4,5,6,7,8,9,10
2014/12/8,1,2,3,4,5,6,7,8,9,10
2014/12/9,1,2,3,4,5,6,7,8,9,10
2014/12/10,1,2,3,4,5,6,7,8,9,10
2014/12/11,1,2,3,4,5,6,7,8,9,10
2014/12/12,1,2,3,4,5,6,7,8,9,10
2014/12/15,1,2,3,4,5,6,7,8,9,10
2014/12/16,1,2,3,4,5,6,7,8,9,10
2014/12/17,1,2,3,4,5,6,7,8,9,10
2014/12/18,1,2,3,4,5,6,7,8,9,10
2014/12/19,1,2,3,4,5,6,7,8,9,10
2014/12/22,1,2,3,4,5,6,7,8,9,10
2014/12/23,1,2,3,4,5,6,7,8,9,10
2014/12/24,1,2,3,4,5,6,7,8,9,10
2014/12/25,1,2,3,4,5,6,7,8,9,10
2014/12/26,1,2,3,4,5,6,7,8,9,10
2014/12/29,1,2,3,4,5,6,7,8,9,10
2014/12/30,1,2,3,4,5,6,7,8,9,10
2014/12/31,1,2,3,4,5,6,7,8,9,10
2015/1/5,1,2,3,4,5,6,7,8,9,10
2015/1/6,1,2,3,4,5,6,7,8,9,10
2015/1/7,1,2,3,4,5,6,7,8,9,10
2015/1/8,1,2,3,4,5,6,7,8,9,10
2015/1/9,1,2,3,4,5,6,7,8,9,10
2015/1/12,1,2,3,4,5,6,7,8,9,10
2015/1/13,1,2,3,4,5,6,7,8,9,10
2015/1/14,1,2,3,4,5,6,7,8,9,10
2015/1/15,1,2,3,4,5,6,7,8,9,10
2015/1/16,1,2,3,4,5,6,7,8,9,10
2015/1/19,1,2,3,4,5,6,7,8,9,10
2015/1/20,1,2,3,4,5,6,7,8,9,10
2015/1/21,1,2,3,4,5,6,7,8,9,10
2015/1/22,1,2,3,4,5,6,7,8,9,10
2015/1/23,1,2,3,4,5,6,7,8,9,10
2015/1/26,1,2,3,4,5,6,7,8,9,10
2015/1/27,1,2,3,4,5,6,7,8,9,10
2015/1/28,1,2,3,4,5,6,7,8,9,10
2015/1/29,1,2,3,4,5,6,7,8,9,10
2015/1/30,1,2,3,4,5,6,7,8,9,10
2015/2/2,1,2,3,4,5,6,7,8,9,10
2015/2/3,1,2,3,4,5,6,7,8,9,10
2015/2/4,1,2,3,4,5,6,7,8,9,10
2015/2/5,1,2,3,4,5,6,7,8,9,10
2015/2/6,1,2,3,4,5,6,7,8,9,10
2015/2/9,1,2,3,4,5,6,7,8,9,10
2015/2/10,1,2,3,4,5,6,7,8,9,10
2015/2/11,1,2,3,4,5,6,7,8,9,10
2015/2/12,1,2,3,4,5,6,7,8,9,10
2015/2/13,1,2,3,4,5,6,7,8,9,10
2015/2/16,1,2,3,4,5,6,7,8,9,10
2015/2/17,1,2,3,4,5,6,7,8,9,10
2015/2/25,1,2,3,4,5,6,7,8,9,10
2015/2/26,1,2,3,4,5,6,7,8,9,10
2015/2/27,1,2,3,4,5,6,7,8,9,10
2015/3/2,1,2,3,4,5,6,7,8,9,10
2015/3/3,1,2,3,4,5,6,7,8,9,10
2015/3/4,1,2,3,4,5,6,7,8,9,10
2015/3/5,1,2,3,4,5,6,7,8,9,10
2015/3/6,1,2,3,4,5,6,7,8,9,10
2015/3/9,1,2,3,4,5,6,7,8,9,10
2015/3/10,1,2,3,4,5,6,7,8,9,10
2015/3/11,1,2,3,4,5,6,7,8,9,10
2015/3/12,1,2,3,4,5,6,7,8,9,10
2015/3/13,1,2,3,4,5,6,7,8,9,10
2015/3/16,1,2,3,4,5,6,7,8,9,10
2015/3/17,1,2,3,4,5,6,7,8,9,10
2015/3/18,1,2,3,4,5,6,7,8,9,10
2015/3/19,1,2,3,4,5,6,7,8,9,10
2015/3/20,1,2,3,4,5,6,7,8,9,10
2015/3/23,1,2,3,4,5,6,7,8,9,10
2015/3/24,1,2,3,4,5,6,7,8,9,10
2015/3/25,1,2,3,4,5,6,7,8,9,10
2015/3/26,1,2,3,4,5,6,7,8,9,10
2015/3/27,1,2,3,4,5,6,7,8,9,10
2015/3/30,1,2,3,4,5,6,7,8,9,10
2015/3/31,1,2,3,4,5,6,7,8,9,10
2015/4/1,1,2,3,4,5,6,7,8,9,10
2015/4/2,1,2,3,4,5,6,7,8,9,10
2015/4/3,1,2,3,4,5,6,7,8,9,10
2015/4/7,1,2,3,4,5,6,7,8,9,10
2015/4/8,1,2,3,4,5,6,7,8,9,10
2015/4/9,1,2,3,4,5,6,7,8,9,10
2015/4/10,1,2,3,4,5,6,7,8,9,10
2015/4/13,1,2,3,4,5,6,7,8,9,10
2015/4/14,1,2,3,4,5,6,7,8,9,10
2015/4/15,1,2,3,4,5,6,7,8,9,10
2015/4/16,1,2,3,4,5,6,7,8,9,10
2015/4/17,1,2,3,4,5,6,7,8,9,10
2015/4/20,1,2,3,4,5,6,7,8,9,10
2015/4/21,1,2,3,4,5,6,7,8,9,10
2015/4/22,1,2,3,4,5,6,7,8,9,10
2015/4/23,1,2,3,4,5,6,7,8,9,10
2015/4/24,1,2,3,4,5,6,7,8,9,10
2015/4/27,1,2,3,4,5,6,7,8,9,10
2015/4/28,1,2,3,4,5,6,7,8,9,10
2015/4/29,1,2,3,4,5,6,7,8,9,10
2015/4/30,1,2,3,4,5,6,7,8,9,10
2015/5/4,1,2,3,4,5,6,7,8,9,10
2015/5/5,1,2,3,4,5,6,7,8,9,10
2015/5/6,1,2,3,4,5,6,7,8,9,10
2015/5/7,1,2,3,4,5,6,7,8,9,10
2015/5/8,1,2,3,4,5,6,7,8,9,10
2015/5/11,1,2,3,4,5,6,7,8,9,10
2015/5/12,1,2,3,4,5,6,7,8,9,10
2015/5/13,1,2,3,4,5,6,7,8,9,10
2015/5/14,1,2,3,4,5,6,7,8,9,10
2015/5/15,1,2,3,4,5,6,7,8,9,10
2015/5/18,1,2,3,4,5,6,7,8,9,10
2015/5/19,1,2,3,4,5,6,7,8,9,10
2015/5/20,1,2,3,4,5,6,7,8,9,10
2015/5/21,1,2,3,4,5,6,7,8,9,10
2015/5/22,1,2,3,4,5,6,7,8,9,10
2015/5/25,1,2,3,4,5,6,7,8,9,10
2015/5/26,1,2,3,4,5,6,7,8,9,10
2015/5/27,1,2,3,4,5,6,7,8,9,10
2015/5/28,1,2,3,4,5,6,7,8,9,10
2015/5/29,1,2,3,4,5,6,7,8,9,10
2015/6/1,1,2,3,4,5,6,7,8,9,10
2015/6/2,1,2,3,4,5,6,7,8,9,10
2015/6/3,1,2,3,4,5,6,7,8,9,10
2015/6/4,1,2,3,4,5,6,7,8,9,10
2015/6/5,1,2,3,4,5,6,7,8,9,10
2015/6/8,1,2,3,4,5,6,7,8,9,10
2015/6/9,1,2,3,4,5,6,7,8,9,10
2015/6/10,1,2,3,4,5,6,7,8,9,10
2015/6/11,1,2,3,4,5,6,7,8,9,10
2015/6/12,1,2,3,4,5,6,7,8,9,10
2015/6/15,1,2,3,4,5,6,7,8,9,10
2015/6/16,1,2,3,4,5,6,7,8,9,10
2015/6/17,1,2,3,4,5,6,7,8,9,10
2015/6/18,1,2,3,4,5,6,7,8,9,10
2015/6/19,1,2,3,4,5,6,7,8,9,10
2015/6/23,1,2,3,4,5,6,7,8,9,10
2015/6/24,1,2,3,4,5,6,7,8,9,10
2015/6/25,1,2,3,4,5,6,7,8,9,10
2015/6/26,1,2,3,4,5,6,7,8,9,10
2015/6/29,1,2,3,4,5,6,7,8,9,10
2015/6/30,1,2,3,4,5,6,7,8,9,10
2015/7/1,1,2,3,4,5,6,7,8,9,10
2015/7/2,1,2,3,4,5,6,7,8,9,10
2015/7/3,1,2,3,4,5,6,7,8,9,10
2015/7/6,1,2,3,4,5,6,7,8,9,10
2015/7/7,1,2,3,4,5,6,7,8,9,10
2015/7/8,1,2,3,4,5,6,7,8,9,10
2015/7/9,1,2,3,4,5,6,7,8,9,10
2015/7/10,1,2,3,4,5,6,7,8,9,10
2015/7/13,1,2,3,4,5,6,7,8,9,10
2015/7/14,1,2,3,4,5,6,7,8,9,10
2015/7/15,1,2,3,4,5,6,7,8,9,10
2015/7/16,1,2,3,4,5,6,7,8,9,10
2015/7/17,1,2,3,4,5,6,7,8,9,10
2015/7/20,1,2,3,4,5,6,7,8,9,10
2015/7/21,1,2,3,4,5,6,7,8,9,10
2015/7/22,1,2,3,4,5,6,7,8,9,10
2015/7/23,1,2,3,4,5,6,7,8,9,10
2015/7/24,1,2,3,4,5,6,7,8,9,10
2015/7/27,1,2,3,4,5,6,7,8,9,10
2015/7/28,1,2,3,4,5,6,7,8,9,10
2015/7/29,1,2,3,4,5,6,7,8,9,10
2015/7/30,1,2,3,4,5,6,7,8,9,10
2015/7/31,1,2,3,4,5,6,7,8,9,10
2015/8/3,1,2,3,4,5,6,7,8,9,10
2015/8/4,1,2,3,4,5,6,7,8,9,10
2015/8/5,1,2,3,4,5,6,7,8,9,10
2015/8/6,1,2,3,4,5,6,7,8,9,10
2015/8/7,1,2,3,4,5,6,7,8,9,10
2015/8/10,1,2,3,4,5,6,7,8,9,10
2015/8/11,1,2,3,4,5,6,7,8,9,10
2015/8/12,1,2,3,4,5,6,7,8,9,10
2015/8/13,1,2,3,4,5,6,7,8,9,10
2015/8/14,1,2,3,4,5,6,7,8,9,10
2015/8/17,1,2,3,4,5,6,7,8,9,10
2015/8/18,1,2,3,4,5,6,7,8,9,10
2015/8/19,1,2,3,4,5,6,7,8,9,10
2015/8/20,1,2,3,4,5,6,7,8,9,10
2015/8/21,1,2,3,4,5,6,7,8,9,10
2015/8/24,1,2,3,4,5,6,7,8,9,10
2015/8/25,1,2,3,4,5,6,7,8,9,10
2015/8/26,1,2,3,4,5,6,7,8,9,10
2015/8/27,1,2,3,4,5,6,7,8,9,10
2015/8/28,1,2,3,4,5,6,7,8,9,10
2015/8/31,1,2,3,4,5,6,7,8,9,10
2015/9/1,1,2,3,4,5,6,7,8,9,10
2015/9/2,1,2,3,4,5,6,7,8,9,10
2015/9/7,1,2,3,4,5,6,7,8,9,10
2015/9/8,1,2,3,4,5,6,7,8,9,10
2015/9/9,1,2,3,4,5,6,7,8,9,10
2015/9/10,1,2,3,4,5,6,7,8,9,10
2015/9/11,1,2,3,4,5,6,7,8,9,10
2015/9/14,1,2,3,4,5,6,7,8,9,10
2015/9/15,1,2,3,4,5,6,7,8,9,10
2015/9/16,1,2,3,4,5,6,7,8,9,10
2015/9/17,1,2,3,4,5,6,7,8,9,10
2015/9/18,1,2,3,4,5,6,7,8,9,10
2015/9/21,1,2,3,4,5,6,7,8,9,10
2015/9/22,1,2,3,4,5,6,7,8,9,10
2015/9/23,1,2,3,4,5,6,7,8,9,10
2015/9/24,1,2,3,4,5,6,7,8,9,10
2015/9/25,1,2,3,4,5,6,7,8,9,10
2015/9/28,1,2,3,4,5,6,7,8,9,10
2015/9/29,1,2,3,4,5,6,7,8,9,10
2015/9/30,1,2,3,4,5,6,7,8,9,10
2015/10/8,1,2,3,4,5,6,7,8,9,10
2015/10/9,1,2,3,4,5,6,7,8,9,10
2015/10/12,1,2,3,4,5,6,7,8,9,10
2015/10/13,1,2,3,4,5,6,7,8,9,10
2015/10/14,1,2,3,4,5,6,7,8,9,10
2015/10/15,1,2,3,4,5,6,7,8,9,10
2015/10/16,1,2,3,4,5,6,7,8,9,10
2015/10/19,1,2,3,4,5,6,7,8,9,10
2015/10/20,1,2,3,4,5,6,7,8,9,10
2015/10/21,1,2,3,4,5,6,7,8,9,10
2015/10/22,1,2,3,4,5,6,7,8,9,10
2015/10/23,1,2,3,4,5,6,7,8,9,10
2015/10/26,1,2,3,4,5,6,7,8,9,10
2015/10/27,1,2,3,4,5,6,7,8,9,10
2015/10/28,1,2,3,4,5,6,7,8,9,10
2015/10/29,1,2,3,4,5,6,7,8,9,10
2015/10/30,1,2,3,4,5,6,7,8,9,10
2015/11/2,1,2,3,4,5,6,7,8,9,10
2015/11/3,1,2,3,4,5,6,7,8,9,10
2015/11/4,1,2,3,4,5,6,7,8,9,10
2015/11/5,1,2,3,4,5,6,7,8,9,10
2015/11/6,1,2,3,4,5,6,7,8,9,10
2015/11/9,1,2,3,4,5,6,7,8,9,10
2015/11/10,1,2,3,4,5,6,7,8,9,10
2015/11/11,1,2,3,4,5,6,7,8,9,10
2015/11/12,1,2,3,4,5,6,7,8,9,10
2015/11/13,1,2,3,4,5,6,7,8,9,10
2015/11/16,1,2,3,4,5,6,7,8,9,10
2015/11/17,1,2,3,4,5,6,7,8,9,10
2015/11/18,1,2,3,4,5,6,7,8,9,10
2015/11/19,1,2,3,4,5,6,7,8,9,10
2015/11/20,1,2,3,4,5,6,7,8,9,10
2015/11/23,1,2,3,4,5,6,7,8,9,10
2015/11/24,1,2,3,4,5,6,7,8,9,10
2015/11/25,1,2,3,4,5,6,7,8,9,10
2015/11/26,1,2,3,4,5,6,7,8,9,10
2015/11/27,1,2,3,4,5,6,7,8,9,10
2015/11/30,1,2,3,4,5,6,7,8,9,10
2015/12/1,1,2,3,4,5,6,7,8,9,10
2015/12/2,1,2,3,4,5,6,7,8,9,10
2015/12/3,1,2,3,4,5,6,7,8,9,10
2015/12/4,1,2,3,4,5,6,7,8,9,10
2015/12/7,1,2,3,4,5,6,7,8,9,10
2015/12/8,1,2,3,4,5,6,7,8,9,10
2015/12/9,1,2,3,4,5,6,7,8,9,10
2015/12/10,1,2,3,4,5,6,7,8,9,10
2015/12/11,1,2,3,4,5,6,7,8,9,10
2015/12/14,1,2,3,4,5,6,7,8,9,10
2015/12/15,1,2,3,4,5,6,7,8,9,10
2015/12/16,1,2,3,4,5,6,7,8,9,10
2015/12/17,1,2,3,4,5,6,7,8,9,10
2015/12/18,1,2,3,4,5,6,7,8,9,10
2015/12/21,1,2,3,4,5,6,7,8,9,10
2015/12/22,1,2,3,4,5,6,7,8,9,10
2015/12/23,1,2,3,4,5,6,7,8,9,10
2015/12/24,1,2,3,4,5,6,7,8,9,10
2015/12/25,1,2,3,4,5,6,7,8,9,10
2015/12/28,1,2,3,4,5,6,7,8,9,10
2015/12/29,1,2,3,4,5,6,7,8,9,10
2015/12/30,1,2,3,4,5,6,7,8,9,10
2015/12/31,1,2,3,4,5,6,7,8,9,10
2016/1/4,1,2,3,4,5,6,7,8,9,10
2016/1/5,1,2,3,4,5,6,7,8,9,10
2016/1/6,1,2,3,4,5,6,7,8,9,10
2016/1/7,1,2,3,4,5,6,7,8,9,10
2016/1/8,1,2,3,4,5,6,7,8,9,10
2016/1/11,1,2,3,4,5,6,7,8,9,10
2016/1/12,1,2,3,4,5,6,7,8,9,10
2016/1/13,1,2,3,4,5,6,7,8,9,10
2016/1/14,1,2,3,4,5,6,7,8,9,10
2016/1/15,1,2,3,4,5,6,7,8,9,10
2016/1/18,1,2,3,4,5,6,7,8,9,10
2016/1/19,1,2,3,4,5,6,7,8,9,10
2016/1/20,1,2,3,4,5,6,7,8,9,10
2016/1/21,1,2,3,4,5,6,7,8,9,10
2016/1/22,1,2,3,4,5,6,7,8,9,10
2016/1/25,1,2,3,4,5,6,7,8,9,10
2016/1/26,1,2,3,4,5,6,7,8,9,10
2016/1/27,1,2,3,4,5,6,7,8,9,10
2016/1/28,1,2,3,4,5,6,7,8,9,10
2016/1/29,1,2,3,4,5,6,7,8,9,10
2016/2/1,1,2,3,4,5,6,7,8,9,10
2016/2/2,1,2,3,4,5,6,7,8,9,10
2016/2/3,1,2,3,4,5,6,7,8,9,10
2016/2/4,1,2,3,4,5,6,7,8,9,10
2016/2/5,1,2,3,4,5,6,7,8,9,10
2016/2/15,1,2,3,4,5,6,7,8,9,10
2016/2/16,1,2,3,4,5,6,7,8,9,10
2016/2/17,1,2,3,4,5,6,7,8,9,10
2016/2/18,1,2,3,4,5,6,7,8,9,10
2016/2/19,1,2,3,4,5,6,7,8,9,10
2016/2/22,1,2,3,4,5,6,7,8,9,10
2016/2/23,1,2,3,4,5,6,7,8,9,10
2016/2/24,1,2,3,4,5,6,7,8,9,10
2016/2/25,1,2,3,4,5,6,7,8,9,10
2016/2/26,1,2,3,4,5,6,7,8,9,10
2016/2/29,1,2,3,4,5,6,7,8,9,10
2016/3/1,1,2,3,4,5,6,7,8,9,10
2016/3/2,1,2,3,4,5,6,7,8,9,10
2016/3/3,1,2,3,4,5,6,7,8,9,10
2016/3/4,1,2,3,4,5,6,7,8,9,10
2016/3/7,1,2,3,4,5,6,7,8,9,10
2016/3/8,1,2,3,4,5,6,7,8,9,10
2016/3/9,1,2,3,4,5,6,7,8,9,10
2016/3/10,1,2,3,4,5,6,7,8,9,10
2016/3/11,1,2,3,4,5,6,7,8,9,10
2016/3/14,1,2,3,4,5,6,7,8,9,10
2016/3/15,1,2,3,4,5,6,7,8,9,10
2016/3/16,1,2,3,4,5,6,7,8,9,10
2016/3/17,1,2,3,4,5,6,7,8,9,10
2016/3/18,1,2,3,4,5,6,7,8,9,10
2016/3/21,1,2,3,4,5,6,7,8,9,10
2016/3/22,1,2,3,4,5,6,7,8,9,10
2016/3/23,1,2,3,4,5,6,7,8,9,10
2016/3/24,1,2,3,4,5,6,7,8,9,10
2016/3/25,1,2,3,4,5,6,7,8,9,10
2016/3/28,1,2,3,4,5,6,7,8,9,10
2016/3/29,1,2,3,4,5,6,7,8,9,10
2016/3/30,1,2,3,4,5,6,7,8,9,10
2016/3/31,1,2,3,4,5,6,7,8,9,10
2016/4/1,1,2,3,4,5,6,7,8,9,10
2016/4/5,1,2,3,4,5,6,7,8,9,10
2016/4/6,1,2,3,4,5,6,7,8,9,10
2016/4/7,1,2,3,4,5,6,7,8,9,10
2016/4/8,1,2,3,4,5,6,7,8,9,10
2016/4/11,1,2,3,4,5,6,7,8,9,10
2016/4/12,1,2,3,4,5,6,7,8,9,10
2016/4/13,1,2,3,4,5,6,7,8,9,10
2016/4/14,1,2,3,4,5,6,7,8,9,10
2016/4/15,1,2,3,4,5,6,7,8,9,10
2016/4/18,1,2,3,4,5,6,7,8,9,10
2016/4/19,1,2,3,4,5,6,7,8,9,10
2016/4/20,1,2,3,4,5,6,7,8,9,10
2016/4/21,1,2,3,4,5,6,7,8,9,10
2016/4/22,1,2,3,4,5,6,7,8,9,10
2016/4/25,1,2,3,4,5,6,7,8,9,10
2016/4/26,1,2,3,4,5,6,7,8,9,10
2016/4/27,1,2,3,4,5,6,7,8,9,10
2016/4/28,1,2,3,4,5,6,7,8,9,10
2016/4/29,1,2,3,4,5,6,7,8,9,10
2016/5/3,1,2,3,4,5,6,7,8,9,10
2016/5/4,1,2,3,4,5,6,7,8,9,10
2016/5/5,1,2,3,4,5,6,7,8,9,10
2016/5/6,1,2,3,4,5,6,7,8,9,10
2016/5/9,1,2,3,4,5,6,7,8,9,10
2016/5/10,1,2,3,4,5,6,7,8,9,10
2016/5/11,1,2,3,4,5,6,7,8,9,10
2016/5/12,1,2,3,4,5,6,7,8,9,10
2016/5/13,1,2,3,4,5,6,7,8,9,10
2016/5/16,1,2,3,4,5,6,7,8,9,10
2016/5/17,1,2,3,4,5,6,7,8,9,10
2016/5/18,1,2,3,4,5,6,7,8,9,10
2016/5/19,1,2,3,4,5,6,7,8,9,10
2016/5/20,1,2,3,4,5,6,7,8,9,10
2016/5/23,1,2,3,4,5,6,7,8,9,10
2016/5/24,1,2,3,4,5,6,7,8,9,10
2016/5/25,1,2,3,4,5,6,7,8,9,10
2016/5/26,1,2,3,4,5,6,7,8,9,10
2016/5/27,1,2,3,4,5,6,7,8,9,10
2016/5/30,1,2,3,4,5,6,7,8,9,10
2016/5/31,1,2,3,4,5,6,7,8,9,10
2016/6/1,1,2,3,4,5,6,7,8,9,10
2016/6/2,1,2,3,4,5,6,7,8,9,10
2016/6/3,1,2,3,4,5,6,7,8,9,10
2016/6/6,1,2,3,4,5,6,7,8,9,10
2016/6/7,1,2,3,4,5,6,7,8,9,10
2016/6/8,1,2,3,4,5,6,7,8,9,10
2016/6/13,1,2,3,4,5,6,7,8,9,10
2016/6/14,1,2,3,4,5,6,7,8,9,10
2016/6/15,1,2,3,4,5,6,7,8,9,10
2016/6/16,1,2,3,4,5,6,7,8,9,10
2016/6/17,1,2,3,4,5,6,7,8,9,10
2016/6/20,1,2,3,4,5,6,7,8,9,10
2016/6/21,1,2,3,4,5,6,7,8,9,10
2016/6/22,1,2,3,4,5,6,7,8,9,10
2016/6/23,1,2,3,4,5,6,7,8,9,10
2016/6/24,1,2,3,4,5,6,7,8,9,10
2016/6/27,1,2,3,4,5,6,7,8,9,10
2016/6/28,1,2,3,4,5,6,7,8,9,10
2016/6/29,1,2,3,4,5,6,7,8,9,10
2016/6/30,1,2,3,4,5,6,7,8,9,10
2016/7/1,1,2,3,4,5,6,7,8,9,10
2016/7/4,1,2,3,4,5,6,7,8,9,10
2016/7/5,1,2,3,4,5,6,7,8,9,10
2016/7/6,1,2,3,4,5,6,7,8,9,10
2016/7/7,1,2,3,4,5,6,7,8,9,10
2016/7/8,1,2,3,4,5,6,7,8,9,10
2016/7/11,1,2,3,4,5,6,7,8,9,10
2016/7/12,1,2,3,4,5,6,7,8,9,10
2016/7/13,1,2,3,4,5,6,7,8,9,10
2016/7/14,1,2,3,4,5,6,7,8,9,10
2016/7/15,1,2,3,4,5,6,7,8,9,10
2016/7/18,1,2,3,4,5,6,7,8,9,10
2016/7/19,1,2,3,4,5,6,7,8,9,10
2016/7/20,1,2,3,4,5,6,7,8,9,10
2016/7/21,1,2,3,4,5,6,7,8,9,10
2016/7/22,1,2,3,4,5,6,7,8,9,10
2016/7/25,1,2,3,4,5,6,7,8,9,10
2016/7/26,1,2,3,4,5,6,7,8,9,10
2016/7/27,1,2,3,4,5,6,7,8,9,10
2016/7/28,1,2,3,4,5,6,7,8,9,10
2016/7/29,1,2,3,4,5,6,7,8,9,10
2016/8/1,1,2,3,4,5,6,7,8,9,10
2016/8/2,1,2,3,4,5,6,7,8,9,10
2016/8/3,1,2,3,4,5,6,7,8,9,10
2016/8/4,1,2,3,4,5,6,7,8,9,10
2016/8/5,1,2,3,4,5,6,7,8,9,10
2016/8/8,1,2,3,4,5,6,7,8,9,10
2016/8/9,1,2,3,4,5,6,7,8,9,10
2016/8/10,1,2,3,4,5,6,7,8,9,10
2016/8/11,1,2,3,4,5,6,7,8,9,10
2016/8/12,1,2,3,4,5,6,7,8,9,10
2016/8/15,1,2,3,4,5,6,7,8,9,10
2016/8/16,1,2,3,4,5,6,7,8,9,10
2016/8/17,1,2,3,4,5,6,7,8,9,10
2016/8/18,1,2,3,4,5,6,7,8,9,10
2016/8/19,1,2,3,4,5,6,7,8,9,10
2016/8/22,1,2,3,4,5,6,7,8,9,10
2016/8/23,1,2,3,4,5,6,7,8,9,10
2016/8/24,1,2,3,4,5,6,7,8,9,10
2016/8/25,1,2,3,4,5,6,7,8,9,10
2016/8/26,1,2,3,4,5,6,7,8,9,10
2016/8/29,1,2,3,4,5,6,7,8,9,10
2016/8/30,1,2,3,4,5,6,7,8,9,10
2016/8/31,1,2,3,4,5,6,7,8,9,10
2016/9/1,1,2,3,4,5,6,7,8,9,10
2016/9/2,1,2,3,4,5,6,7,8,9,10
2016/9/5,1,2,3,4,5,6,7,8,9,10
2016/9/6,1,2,3,4,5,6,7,8,9,10
2016/9/7,1,2,3,4,5,6,7,8,9,10
2016/9/8,1,2,3,4,5,6,7,8,9,10
2016/9/9,1,2,3,4,5,6,7,8,9,10
2016/9/12,1,2,3,4,5,6,7,8,9,10
2016/9/13,1,2,3,4,5,6,7,8,9,10
2016/9/14,1,2,3,4,5,6,7,8,9,10
2016/9/19,1,2,3,4,5,6,7,8,9,10
2016/9/20,1,2,3,4,5,6,7,8,9,10
2016/9/21,1,2,3,4,5,6,7,8,9,10
2016/9/22,1,2,3,4,5,6,7,8,9,10
2016/9/23,1,2,3,4,5,6,7,8,9,10
2016/9/26,1,2,3,4,5,6,7,8,9,10
2016/9/27,1,2,3,4,5,6,7,8,9,10
2016/9/28,1,2,3,4,5,6,7,8,9,10
2016/9/29,1,2,3,4,5,6,7,8,9,10
2016/9/30,1,2,3,4,5,6,7,8,9,10
2016/10/10,1,2,3,4,5,6,7,8,9,10
2016/10/11,1,2,3,4,5,6,7,8,9,10
2016/10/12,1,2,3,4,5,6,7,8,9,10
2016/10/13,1,2,3,4,5,6,7,8,9,10
2016/10/14,1,2,3,4,5,6,7,8,9,10
2016/10/17,1,2,3,4,5,6,7,8,9,10
2016/10/18,1,2,3,4,5,6,7,8,9,10
2016/10/19,1,2,3,4,5,6,7,8,9,10
2016/10/20,1,2,3,4,5,6,7,8,9,10
2016/10/21,1,2,3,4,5,6,7,8,9,10
2016/10/24,1,2,3,4,5,6,7,8,9,10
2016/10/25,1,2,3,4,5,6,7,8,9,10
2016/10/26,1,2,3,4,5,6,7,8,9,10
2016/10/27,1,2,3,4,5,6,7,8,9,10
2016/10/28,1,2,3,4,5,6,7,8,9,10
2016/10/31,1,2,3,4,5,6,7,8,9,10
2016/11/1,1,2,3,4,5,6,7,8,9,10
2016/11/2,1,2,3,4,5,6,7,8,9,10
2016/11/3,1,2,3,4,5,6,7,8,9,10
2016/11/4,1,2,3,4,5,6,7,8,9,10
2016/11/7,1,2,3,4,5,6,7,8,9,10
2016/11/8,1,2,3,4,5,6,7,8,9,10
2016/11/9,1,2,3,4,5,6,7,8,9,10
2016/11/10,1,2,3,4,5,6,7,8,9,10
2016/11/11,1,2,3,4,5,6,7,8,9,10
2016/11/14,1,2,3,4,5,6,7,8,9,10
2016/11/15,1,2,3,4,5,6,7,8,9,10
2016/11/16,1,2,3,4,5,6,7,8,9,10
2016/11/17,1,2,3,4,5,6,7,8,9,10
2016/11/18,1,2,3,4,5,6,7,8,9,10
2016/11/21,1,2,3,4,5,6,7,8,9,10
2016/11/22,1,2,3,4,5,6,7,8,9,10
2016/11/23,1,2,3,4,5,6,7,8,9,10
2016/11/24,1,2,3,4,5,6,7,8,9,10
2016/11/25,1,2,3,4,5,6,7,8,9,10
2016/11/28,1,2,3,4,5,6,7,8,9,10
2016/11/29,1,2,3,4,5,6,7,8,9,10
2016/11/30,1,2,3,4,5,6,7,8,9,10
2016/12/1,1,2,3,4,5,6,7,8,9,10
2016/12/2,1,2,3,4,5,6,7,8,9,10
2016/12/5,1,2,3,4,5,6,7,8,9,10
2016/12/6,1,2,3,4,5,6,7,8,9,10
2016/12/7,1,2,3,4,5,6,7,8,9,10
2016/12/8,1,2,3,4,5,6,7,8,9,10
2016/12/9,1,2,3,4,5,6,7,8,9,10
2016/12/12,1,2,3,4,5,6,7,8,9,10
2016/12/13,1,2,3,4,5,6,7,8,9,10
2016/12/14,1,2,3,4,5,6,7,8,9,10
2016/12/15,1,2,3,4,5,6,7,8,9,10
2016/12/16,1,2,3,4,5,6,7,8,9,10
2016/12/19,1,2,3,4,5,6,7,8,9,10
2016/12/20,1,2,3,4,5,6,7,8,9,10
2016/12/21,1,2,3,4,5,6,7,8,9,10
2016/12/22,1,2,3,4,5,6,7,8,9,10
2016/12/23,1,2,3,4,5,6,7,8,9,10
2016/12/26,1,2,3,4,5,6,7,8,9,10
2016/12/27,1,2,3,4,5,6,7,8,9,10
2016/12/28,1,2,3,4,5,6,7,8,9,10
2016/12/29,1,2,3,4,5,6,7,8,9,10
2016/12/30,1,2,3,4,5,6,7,8,9,10
2017/1/3,1,2,3,4,5,6,7,8,9,10
2017/1/4,1,2,3,4,5,6,7,8,9,10
2017/1/5,1,2,3,4,5,6,7,8,9,10
2017/1/6,1,2,3,4,5,6,7,8,9,10
2017/1/9,1,2,3,4,5,6,7,8,9,10
2017/1/10,1,2,3,4,5,6,7,8,9,10
2017/1/11,1,2,3,4,5,6,7,8,9,10
2017/1/12,1,2,3,4,5,6,7,8,9,10
2017/1/13,1,2,3,4,5,6,7,8,9,10
2017/1/16,1,2,3,4,5,6,7,8,9,10
2017/1/17,1,2,3,4,5,6,7,8,9,10
2017/1/18,1,2,3,4,5,6,7,8,9,10
2017/1/19,1,2,3,4,5,6,7,8,9,10
2017/1/20,1,2,3,4,5,6,7,8,9,10
2017/1/23,1,2,3,4,5,6,7,8,9,10
2017/1/24,1,2,3,4,5,6,7,8,9,10
2017/1/25,1,2,3,4,5,6,7,8,9,10
2017/1/26,1,2,3,4,5,6,7,8,9,10
2017/2/3,1,2,3,4,5,6,7,8,9,10
2017/2/6,1,2,3,4,5,6,7,8,9,10
2017/2/7,1,2,3,4,5,6,7,8,9,10
2017/2/8,1,2,3,4,5,6,7,8,9,10
2017/2/9,1,2,3,4,5,6,7,8,9,10
2017/2/10,1,2,3,4,5,6,7,8,9,10
2017/2/13,1,2,3,4,5,6,7,8,9,10
2017/2/14,1,2,3,4,5,6,7,8,9,10
2017/2/15,1,2,3,4,5,6,7,8,9,10
2017/2/16,1,2,3,4,5,6,7,8,9,10
2017/2/17,1,2,3,4,5,6,7,8,9,10
2017/2/20,1,2,3,4,5,6,7,8,9,10
2017/2/21,1,2,3,4,5,6,7,8,9,10
2017/2/22,1,2,3,4,5,6,7,8,9,10
2017/2/23,1,2,3,4,5,6,7,8,9,10
2017/2/24,1,2,3,4,5,6,7,8,9,10
2017/2/27,1,2,3,4,5,6,7,8,9,10
2017/2/28,1,2,3,4,5,6,7,8,9,10
2017/3/1,1,2,3,4,5,6,7,8,9,10
2017/3/2,1,2,3,4,5,6,7,8,9,10
2017/3/3,1,2,3,4,5,6,7,8,9,10
2017/3/6,1,2,3,4,5,6,7,8,9,10
2017/3/7,1,2,3,4,5,6,7,8,9,10
2017/3/8,1,2,3,4,5,6,7,8,9,10
2017/3/9,1,2,3,4,5,6,7,8,9,10
2017/3/10,1,2,3,4,5,6,7,8,9,10
2017/3/13,1,2,3,4,5,6,7,8,9,10
2017/3/14,1,2,3,4,5,6,7,8,9,10
2017/3/15,1,2,3,4,5,6,7,8,9,10
2017/3/16,1,2,3,4,5,6,7,8,9,10
2017/3/17,1,2,3,4,5,6,7,8,9,10
2017/3/20,1,2,3,4,5,6,7,8,9,10
2017/3/21,1,2,3,4,5,6,7,8,9,10
2017/3/22,1,2,3,4,5,6,7,8,9,10
2017/3/23,1,2,3,4,5,6,7,8,9,10
2017/3/24,1,2,3,4,5,6,7,8,9,10
2017/3/27,1,2,3,4,5,6,7,8,9,10
2017/3/28,1,2,3,4,5,6,7,8,9,10
2017/3/29,1,2,3,4,5,6,7,8,9,10
2017/3/30,1,2,3,4,5,6,7,8,9,10
2017/3/31,1,2,3,4,5,6,7,8,9,10
2017/4/5,1,2,3,4,5,6,7,8,9,10
2017/4/6,1,2,3,4,5,6,7,8,9,10
2017/4/7,1,2,3,4,5,6,7,8,9,10
2017/4/10,1,2,3,4,5,6,7,8,9,10
2017/4/11,1,2,3,4,5,6,7,8,9,10
2017/4/12,1,2,3,4,5,6,7,8,9,10
2017/4/13,1,2,3,4,5,6,7,8,9,10
2017/4/14,1,2,3,4,5,6,7,8,9,10
2017/4/17,1,2,3,4,5,6,7,8,9,10
2017/4/18,1,2,3,4,5,6,7,8,9,10
2017/4/19,1,2,3,4,5,6,7,8,9,10
2017/4/20,1,2,3,4,5,6,7,8,9,10
2017/4/21,1,2,3,4,5,6,7,8,9,10
2017/4/24,1,2,3,4,5,6,7,8,9,10
2017/4/25,1,2,3,4,5,6,7,8,9,10
2017/4/26,1,2,3,4,5,6,7,8,9,10
2017/4/27,1,2,3,4,5,6,7,8,9,10
2017/4/28,1,2,3,4,5,6,7,8,9,10
2017/5/2,1,2,3,4,5,6,7,8,9,10
2017/5/3,1,2,3,4,5,6,7,8,9,10
2017/5/4,1,2,3,4,5,6,7,8,9,10
2017/5/5,1,2,3,4,5,6,7,8,9,10
2017/5/8,1,2,3,4,5,6,7,8,9,10
2017/5/9,1,2,3,4,5,6,7,8,9,10
2017/5/10,1,2,3,4,5,6,7,8,9,10
2017/5/11,1,2,3,4,5,6,7,8,9,10
2017/5/12,1,2,3,4,5,6,7,8,9,10
2017/5/15,1,2,3,4,5,6,7,8,9,10
2017/5/16,1,2,3,4,5,6,7,8,9,10
2017/5/17,1,2,3,4,5,6,7,8,9,10
2017/5/18,1,2,3,4,5,6,7,8,9,10
2017/5/19,1,2,3,4,5,6,7,8,9,10
2017/5/22,1,2,3,4,5,6,7,8,9,10
2017/5/23,1,2,3,4,5,6,7,8,9,10
2017/5/24,1,2,3,4,5,6,7,8,9,10
2017/5/25,1,2,3,4,5,6,7,8,9,10
2017/5/26,1,2,3,4,5,6,7,8,9,10
2017/5/31,1,2,3,4,5,6,7,8,9,10
2017/6/1,1,2,3,4,5,6,7,8,9,10
2017/6/2,1,2,3,4,5,6,7,8,9,10
2017/6/5,1,2,3,4,5,6,7,8,9,10
2017/6/6,1,2,3,4,5,6,7,8,9,10
2017/6/7,1,2,3,4,5,6,7,8,9,10
2017/6/8,1,2,3,4,5,6,7,8,9,10
2017/6/9,1,2,3,4,5,6,7,8,9,10
2017/6/12,1,2,3,4,5,6,7,8,9,10
2017/6/13,1,2,3,4,5,6,7,8,9,10
2017/6/14,1,2,3,4,5,6,7,8,9,10
2017/6/15,1,2,3,4,5,6,7,8,9,10
2017/6/16,1,2,3,4,5,6,7,8,9,10
2017/6/19,1,2,3,4,5,6,7,8,9,10
2017/6/20,1,2,3,4,5,6,7,8,9,10
2017/6/21,1,2,3,4,5,6,7,8,9,10
2017/6/22,1,2,3,4,5,6,7,8,9,10
2017/6/23,1,2,3,4,5,6,7,8,9,10
2017/6/26,1,2,3,4,5,6,7,8,9,10
2017/6/27,1,2,3,4,5,6,7,8,9,10
2017/6/28,1,2,3,4,5,6,7,8,9,10
2017/6/29,1,2,3,4,5,6,7,8,9,10
2017/6/30,1,2,3,4,5,6,7,8,9,10
2017/7/3,1,2,3,4,5,6,7,8,9,10
2017/7/4,1,2,3,4,5,6,7,8,9,10
2017/7/5,1,2,3,4,5,6,7,8,9,10
2017/7/6,1,2,3,4,5,6,7,8,9,10
2017/7/7,1,2,3,4,5,6,7,8,9,10
2017/7/10,1,2,3,4,5,6,7,8,9,10
2017/7/11,1,2,3,4,5,6,7,8,9,10
2017/7/12,1,2,3,4,5,6,7,8,9,10
2017/7/13,1,2,3,4,5,6,7,8,9,10
2017/7/14,1,2,3,4,5,6,7,8,9,10
2017/7/17,1,2,3,4,5,6,7,8,9,10
2017/7/18,1,2,3,4,5,6,7,8,9,10
2017/7/19,1,2,3,4,5,6,7,8,9,10
2017/7/20,1,2,3,4,5,6,7,8,9,10
2017/7/21,1,2,3,4,5,6,7,8,9,10
2017/7/24,1,2,3,4,5,6,7,8,9,10
2017/7/25,1,2,3,4,5,6,7,8,9,10
2017/7/26,1,2,3,4,5,6,7,8,9,10
2017/7/27,1,2,3,4,5,6,7,8,9,10
2017/7/28,1,2,3,4,5,6,7,8,9,10
2017/7/31,1,2,3,4,5,6,7,8,9,10
2017/8/1,1,2,3,4,5,6,7,8,9,10
2017/8/2,1,2,3,4,5,6,7,8,9,10
2017/8/3,1,2,3,4,5,6,7,8,9,10
2017/8/4,1,2,3,4,5,6,7,8,9,10
2017/8/7,1,2,3,4,5,6,7,8,9,10
2017/8/8,1,2,3,4,5,6,7,8,9,10
2017/8/9,1,2,3,4,5,6,7,8,9,10
2017/8/10,1,2,3,4,5,6,7,8,9,10
2017/8/11,1,2,3,4,5,6,7,8,9,10
2017/8/14,1,2,3,4,5,6,7,8,9,10
2017/8/15,1,2,3,4,5,6,7,8,9,10
2017/8/16,1,2,3,4,5,6,7,8,9,10
2017/8/17,1,2,3,4,5,6,7,8,9,10
2017/8/18,1,2,3,4,5,6,7,8,9,10
2017/8/21,1,2,3,4,5,6,7,8,9,10
2017/8/22,1,2,3,4,5,6,7,8,9,10
2017/8/23,1,2,3,4,5,6,7,8,9,10
2017/8/24,1,2,3,4,5,6,7,8,9,10
2017/8/25,1,2,3,4,5,6,7,8,9,10
2017/8/28,1,2,3,4,5,6,7,8,9,10
2017/8/29,1,2,3,4,5,6,7,8,9,10
2017/8/30,1,2,3,4,5,6,7,8,9,10
2017/8/31,1,2,3,4,5,6,7,8,9,10
2017/9/1,1,2,3,4,5,6,7,8,9,10
2017/9/4,1,2,3,4,5,6,7,8,9,10
2017/9/5,1,2,3,4,5,6,7,8,9,10
2017/9/6,1,2,3,4,5,6,7,8,9,10
2017/9/7,1,2,3,4,5,6,7,8,9,10
2017/9/8,1,2,3,4,5,6,7,8,9,10
2017/9/11,1,2,3,4,5,6,7,8,9,10
2017/9/12,1,2,3,4,5,6,7,8,9,10
2017/9/13,1,2,3,4,5,6,7,8,9,10
2017/9/14,1,2,3,4,5,6,7,8,9,10
2017/9/15,1,2,3,4,5,6,7,8,9,10
2017/9/18,1,2,3,4,5,6,7,8,9,10
2017/9/19,1,2,3,4,5,6,7,8,9,10
2017/9/20,1,2,3,4,5,6,7,8,9,10
2017/9/21,1,2,3,4,5,6,7,8,9,10
2017/9/22,1,2,3,4,5,6,7,8,9,10
2017/9/25,1,2,3,4,5,6,7,8,9,10
2017/9/26,1,2,3,4,5,6,7,8,9,10
2017/9/27,1,2,3,4,5,6,7,8,9,10
2017/9/28,1,2,3,4,5,6,7,8,9,10
2017/9/29,1,2,3,4,5,6,7,8,9,10
2017/10/9,1,2,3,4,5,6,7,8,9,10
2017/10/10,1,2,3,4,5,6,7,8,9,10
2017/10/11,1,2,3,4,5,6,7,8,9,10
2017/10/12,1,2,3,4,5,6,7,8,9,10
2017/10/13,1,2,3,4,5,6,7,8,9,10
2017/10/16,1,2,3,4,5,6,7,8,9,10
2017/10/17,1,2,3,4,5,6,7,8,9,10
2017/10/18,1,2,3,4,5,6,7,8,9,10
2017/10/19,1,2,3,4,5,6,7,8,9,10
2017/10/20,1,2,3,4,5,6,7,8,9,10
2017/10/23,1,2,3,4,5,6,7,8,9,10
2017/10/24,1,2,3,4,5,6,7,8,9,10
2017/10/25,1,2,3,4,5,6,7,8,9,10
2017/10/26,1,2,3,4,5,6,7,8,9,10
2017/10/27,1,2,3,4,5,6,7,8,9,10
2017/10/30,1,2,3,4,5,6,7,8,9,10
2017/10/31,1,2,3,4,5,6,7,8,9,10
2017/11/1,1,2,3,4,5,6,7,8,9,10
2017/11/2,1,2,3,4,5,6,7,8,9,10
2017/11/3,1,2,3,4,5,6,7,8,9,10
2017/11/6,1,2,3,4,5,6,7,8,9,10
2017/11/7,1,2,3,4,5,6,7,8,9,10
2017/11/8,1,2,3,4,5,6,7,8,9,10
2017/11/9,1,2,3,4,5,6,7,8,9,10
2017/11/10,1,2,3,4,5,6,7,8,9,10
2017/11/13,1,2,3,4,5,6,7,8,9,10
2017/11/14,1,2,3,4,5,6,7,8,9,10
2017/11/15,1,2,3,4,5,6,7,8,9,10
2017/11/16,1,2,3,4,5,6,7,8,9,10
2017/11/17,1,2,3,4,5,6,7,8,9,10
2017/11/20,1,2,3,4,5,6,7,8,9,10
2017/11/21,1,2,3,4,5,6,7,8,9,10
2017/11/22,1,2,3,4,5,6,7,8,9,10
2017/11/23,1,2,3,4,5,6,7,8,9,10
2017/11/24,1,2,3,4,5,6,7,8,9,10
2017/11/27,1,2,3,4,5,6,7,8,9,10
2017/11/28,1,2,3,4,5,6,7,8,9,10
2017/11/29,1,2,3,4,5,6,7,8,9,10
2017/11/30,1,2,3,4,5,6,7,8,9,10
2017/12/1,1,2,3,4,5,6,7,8,9,10
2017/12/4,1,2,3,4,5,6,7,8,9,10
2017/12/5,1,2,3,4,5,6,7,8,9,10
2017/12/6,1,2,3,4,5,6,7,8,9,10
2017/12/7,1,2,3,4,5,6,7,8,9,10
2017/12/8,1,2,3,4,5,6,7,8,9,10
2017/12/11,1,2,3,4,5,6,7,8,9,10
2017/12/12,1,2,3,4,5,6,7,8,9,10
2017/12/13,1,2,3,4,5,6,7,8,9,10
2017/12/14,1,2,3,4,5,6,7,8,9,10
2017/12/15,1,2,3,4,5,6,7,8,9,10
2017/12/18,1,2,3,4,5,6,7,8,9,10
2017/12/19,1,2,3,4,5,6,7,8,9,10
2017/12/20,1,2,3,4,5,6,7,8,9,10
2017/12/21,1,2,3,4,5,6,7,8,9,10
2017/12/22,1,2,3,4,5,6,7,8,9,10
2017/12/25,1,2,3,4,5,6,7,8,9,10
2017/12/26,1,2,3,4,5,6,7,8,9,10
2017/12/27,1,2,3,4,5,6,7,8,9,10
2017/12/28,1,2,3,4,5,6,7,8,9,10
2017/12/29,1,2,3,4,5,6,7,8,9,10
2018/1/2,1,2,3,4,5,6,7,8,9,10
2018/1/3,1,2,3,4,5,6,7,8,9,10
2018/1/4,1,2,3,4,5,6,7,8,9,10
2018/1/5,1,2,3,4,5,6,7,8,9,10
2018/1/8,1,2,3,4,5,6,7,8,9,10
2018/1/9,1,2,3,4,5,6,7,8,9,10
2018/1/10,1,2,3,4,5,6,7,8,9,10
2018/1/11,1,2,3,4,5,6,7,8,9,10
2018/1/12,1,2,3,4,5,6,7,8,9,10
2018/1/15,1,2,3,4,5,6,7,8,9,10
2018/1/16,1,2,3,4,5,6,7,8,9,10
2018/1/17,1,2,3,4,5,6,7,8,9,10
2018/1/18,1,2,3,4,5,6,7,8,9,10
2018/1/19,1,2,3,4,5,6,7,8,9,10
2018/1/22,1,2,3,4,5,6,7,8,9,10
2018/1/23,1,2,3,4,5,6,7,8,9,10
2018/1/24,1,2,3,4,5,6,7,8,9,10
2018/1/25,1,2,3,4,5,6,7,8,9,10
2018/1/26,1,2,3,4,5,6,7,8,9,10
2018/1/29,1,2,3,4,5,6,7,8,9,10
2018/1/30,1,2,3,4,5,6,7,8,9,10
2018/1/31,1,2,3,4,5,6,7,8,9,10
2018/2/1,1,2,3,4,5,6,7,8,9,10
2018/2/2,1,2,3,4,5,6,7,8,9,10
2018/2/5,1,2,3,4,5,6,7,8,9,10
2018/2/6,1,2,3,4,5,6,7,8,9,10
2018/2/7,1,2,3,4,5,6,7,8,9,10
2018/2/8,1,2,3,4,5,6,7,8,9,10
2018/2/9,1,2,3,4,5,6,7,8,9,10
2018/2/12,1,2,3,4,5,6,7,8,9,10
2018/2/13,1,2,3,4,5,6,7,8,9,10
2018/2/14,1,2,3,4,5,6,7,8,9,10
2018/2/22,1,2,3,4,5,6,7,8,9,10
2018/2/23,1,2,3,4,5,6,7,8,9,10
2018/2/26,1,2,3,4,5,6,7,8,9,10
2018/2/27,1,2,3,4,5,6,7,8,9,10
2018/2/28,1,2,3,4,5,6,7,8,9,10
2018/3/1,1,2,3,4,5,6,7,8,9,10
2018/3/2,1,2,3,4,5,6,7,8,9,10
2018/3/5,1,2,3,4,5,6,7,8,9,10
2018/3/6,1,2,3,4,5,6,7,8,9,10
2018/3/7,1,2,3,4,5,6,7,8,9,10
2018/3/8,1,2,3,4,5,6,7,8,9,10
2018/3/9,1,2,3,4,5,6,7,8,9,10
2018/3/12,1,2,3,4,5,6,7,8,9,10
2018/3/13,1,2,3,4,5,6,7,8,9,10
2018/3/14,1,2,3,4,5,6,7,8,9,10
2018/3/15,1,2,3,4,5,6,7,8,9,10
2018/3/16,1,2,3,4,5,6,7,8,9,10
2018/3/19,1,2,3,4,5,6,7,8,9,10
2018/3/20,1,2,3,4,5,6,7,8,9,10
2018/3/21,1,2,3,4,5,6,7,8,9,10
2018/3/22,1,2,3,4,5,6,7,8,9,10
2018/3/23,1,2,3,4,5,6,7,8,9,10
2018/3/26,1,2,3,4,5,6,7,8,9,10
2018/3/27,1,2,3,4,5,6,7,8,9,10
2018/3/28,1,2,3,4,5,6,7,8,9,10
2018/3/29,1,2,3,4,5,6,7,8,9,10
2018/3/30,1,2,3,4,5,6,7,8,9,10
2018/4/2,1,2,3,4,5,6,7,8,9,10
2018/4/3,1,2,3,4,5,6,7,8,9,10
2018/4/4,1,2,3,4,5,6,7,8,9,10
2018/4/9,1,2,3,4,5,6,7,8,9,10
2018/4/10,1,2,3,4,5,6,7,8,9,10
2018/4/11,1,2,3,4,5,6,7,8,9,10
2018/4/12,1,2,3,4,5,6,7,8,9,10
2018/4/13,1,2,3,4,5,6,7,8,9,10
2018/4/16,1,2,3,4,5,6,7,8,9,10
2018/4/17,1,2,3,4,5,6,7,8,9,10
2018/4/18,1,2,3,4,5,6,7,8,9,10
2018/4/19,1,2,3,4,5,6,7,8,9,10
2018/4/20,1,2,3,4,5,6,7,8,9,10
2018/4/23,1,2,3,4,5,6,7,8,9,10
2018/4/24,1,2,3,4,5,6,7,8,9,10
2018/4/25,1,2,3,4,5,6,7,8,9,10
2018/4/26,1,2,3,4,5,6,7,8,9,10
2018/4/27,1,2,3,4,5,6,7,8,9,10
2018/5/2,1,2,3,4,5,6,7,8,9,10
2018/5/3,1,2,3,4,5,6,7,8,9,10
2018/5/4,1,2,3,4,5,6,7,8,9,10
2018/5/7,1,2,3,4,5,6,7,8,9,10
2018/5/8,1,2,3,4,5,6,7,8,9,10
2018/5/9,1,2,3,4,5,6,7,8,9,10
2018/5/10,1,2,3,4,5,6,7,8,9,10
2018/5/11,1,2,3,4,5,6,7,8,9,10
2018/5/14,1,2,3,4,5,6,7,8,9,10
2018/5/15,1,2,3,4,5,6,7,8,9,10
2018/5/16,1,2,3,4,5,6,7,8,9,10
2018/5/17,1,2,3,4,5,6,7,8,9,10
2018/5/18,1,2,3,4,5,6,7,8,9,10
2018/5/21,1,2,3,4,5,6,7,8,9,10
2018/5/22,1,2,3,4,5,6,7,8,9,10
2018/5/23,1,2,3,4,5,6,7,8,9,10
2018/5/24,1,2,3,4,5,6,7,8,9,10
2018/5/25,1,2,3,4,5,6,7,8,9,10
2018/5/28,1,2,3,4,5,6,7,8,9,10
2018/5/29,1,2,3,4,5,6,7,8,9,10
2018/5/30,1,2,3,4,5,6,7,8,9,10
2018/5/31,1,2,3,4,5,6,7,8,9,10
2018/6/1,1,2,3,4,5,6,7,8,9,10
2018/6/4,1,2,3,4,5,6,7,8,9,10
2018/6/5,1,2,3,4,5,6,7,8,9,10
2018/6/6,1,2,3,4,5,6,7,8,9,10
2018/6/7,1,2,3,4,5,6,7,8,9,10
2018/6/8,1,2,3,4,5,6,7,8,9,10
2018/6/11,1,2,3,4,5,6,7,8,9,10
2018/6/12,1,2,3,4,5,6,7,8,9,10
2018/6/13,1,2,3,4,5,6,7,8,9,10
2018/6/14,1,2,3,4,5,6,7,8,9,10
2018/6/15,1,2,3,4,5,6,7,8,9,10
2018/6/19,1,2,3,4,5,6,7,8,9,10
2018/6/20,1,2,3,4,5,6,7,8,9,10
2018/6/21,1,2,3,4,5,6,7,8,9,10
2018/6/22,1,2,3,4,5,6,7,8,9,10
2018/6/25,1,2,3,4,5,6,7,8,9,10
2018/6/26,1,2,3,4,5,6,7,8,9,10
2018/6/27,1,2,3,4,5,6,7,8,9,10
2018/6/28,1,2,3,4,5,6,7,8,9,10
2018/6/29,1,2,3,4,5,6,7,8,9,10
2018/7/2,1,2,3,4,5,6,7,8,9,10
2018/7/3,1,2,3,4,5,6,7,8,9,10
2018/7/4,1,2,3,4,5,6,7,8,9,10
2018/7/5,1,2,3,4,5,6,7,8,9,10
2018/7/6,1,2,3,4,5,6,7,8,9,10
2018/7/9,1,2,3,4,5,6,7,8,9,10
2018/7/10,1,2,3,4,5,6,7,8,9,10
2018/7/11,1,2,3,4,5,6,7,8,9,10
2018/7/12,1,2,3,4,5,6,7,8,9,10
2018/7/13,1,2,3,4,5,6,7,8,9,10
2018/7/16,1,2,3,4,5,6,7,8,9,10
2018/7/17,1,2,3,4,5,6,7,8,9,10
2018/7/18,1,2,3,4,5,6,7,8,9,10
2018/7/19,1,2,3,4,5,6,7,8,9,10
2018/7/20,1,2,3,4,5,6,7,8,9,10
2018/7/23,1,2,3,4,5,6,7,8,9,10
2018/7/24,1,2,3,4,5,6,7,8,9,10
2018/7/25,1,2,3,4,5,6,7,8,9,10
2018/7/26,1,2,3,4,5,6,7,8,9,10
2018/7/27,1,2,3,4,5,6,7,8,9,10
2018/7/30,1,2,3,4,5,6,7,8,9,10
2018/7/31,1,2,3,4,5,6,7,8,9,10
2018/8/1,1,2,3,4,5,6,7,8,9,10
2018/8/2,1,2,3,4,5,6,7,8,9,10
2018/8/3,1,2,3,4,5,6,7,8,9,10
2018/8/6,1,2,3,4,5,6,7,8,9,10
2018/8/7,1,2,3,4,5,6,7,8,9,10
2018/8/8,1,2,3,4,5,6,7,8,9,10
2018/8/9,1,2,3,4,5,6,7,8,9,10
2018/8/10,1,2,3,4,5,6,7,8,9,10
2018/8/13,1,2,3,4,5,6,7,8,9,10
2018/8/14,1,2,3,4,5,6,7,8,9,10
2018/8/15,1,2,3,4,5,6,7,8,9,10
2018/8/16,1,2,3,4,5,6,7,8,9,10
2018/8/17,1,2,3,4,5,6,7,8,9,10
2018/8/20,1,2,3,4,5,6,7,8,9,10
2018/8/21,1,2,3,4,5,6,7,8,9,10
2018/8/22,1,2,3,4,5,6,7,8,9,10
2018/8/23,1,2,3,4,5,6,7,8,9,10
2018/8/24,1,2,3,4,5,6,7,8,9,10
2018/8/27,1,2,3,4,5,6,7,8,9,10
2018/8/28,1,2,3,4,5,6,7,8,9,10
2018/8/29,1,2,3,4,5,6,7,8,9,10
2018/8/30,1,2,3,4,5,6,7,8,9,10
2018/8/31,1,2,3,4,5,6,7,8,9,10
2018/9/3,1,2,3,4,5,6,7,8,9,10
2018/9/4,1,2,3,4,5,6,7,8,9,10
2018/9/5,1,2,3,4,5,6,7,8,9,10
2018/9/6,1,2,3,4,5,6,7,8,9,10
2018/9/7,1,2,3,4,5,6,7,8,9,10
2018/9/10,1,2,3,4,5,6,7,8,9,10
2018/9/11,1,2,3,4,5,6,7,8,9,10
2018/9/12,1,2,3,4,5,6,7,8,9,10
2018/9/13,1,2,3,4,5,6,7,8,9,10
2018/9/14,1,2,3,4,5,6,7,8,9,10
2018/9/17,1,2,3,4,5,6,7,8,9,10
2018/9/18,1,2,3,4,5,6,7,8,9,10
2018/9/19,1,2,3,4,5,6,7,8,9,10
2018/9/20,1,2,3,4,5,6,7,8,9,10
2018/9/21,1,2,3,4,5,6,7,8,9,10
2018/9/25,1,2,3,4,5,6,7,8,9,10
2018/9/26,1,2,3,4,5,6,7,8,9,10
2018/9/27,1,2,3,4,5,6,7,8,9,10
2018/9/28,1,2,3,4,5,6,7,8,9,10
2018/10/8,1,2,3,4,5,6,7,8,9,10
2018/10/9,1,2,3,4,5,6,7,8,9,10
2018/10/10,1,2,3,4,5,6,7,8,9,10
2018/10/11,1,2,3,4,5,6,7,8,9,10
2018/10/12,1,2,3,4,5,6,7,8,9,10
2018/10/15,1,2,3,4,5,6,7,8,9,10
2018/10/16,1,2,3,4,5,6,7,8,9,10
2018/10/17,1,2,3,4,5,6,7,8,9,10
2018/10/18,1,2,3,4,5,6,7,8,9,10
2018/10/19,1,2,3,4,5,6,7,8,9,10
2018/10/22,1,2,3,4,5,6,7,8,9,10
2018/10/23,1,2,3,4,5,6,7,8,9,10
2018/10/24,1,2,3,4,5,6,7,8,9,10
2018/10/25,1,2,3,4,5,6,7,8,9,10
2018/10/26,1,2,3,4,5,6,7,8,9,10
2018/10/29,1,2,3,4,5,6,7,8,9,10
2018/10/30,1,2,3,4,5,6,7,8,9,10
2018/10/31,1,2,3,4,5,6,7,8,9,10
2018/11/1,1,2,3,4,5,6,7,8,9,10
2018/11/2,1,2,3,4,5,6,7,8,9,10
2018/11/5,1,2,3,4,5,6,7,8,9,10
2018/11/6,1,2,3,4,5,6,7,8,9,10
2018/11/7,1,2,3,4,5,6,7,8,9,10
2018/11/8,1,2,3,4,5,6,7,8,9,10
2018/11/9,1,2,3,4,5,6,7,8,9,10
2018/11/12,1,2,3,4,5,6,7,8,9,10
2018/11/13,1,2,3,4,5,6,7,8,9,10
2018/11/14,1,2,3,4,5,6,7,8,9,10
2018/11/15,1,2,3,4,5,6,7,8,9,10
2018/11/16,1,2,3,4,5,6,7,8,9,10
2018/11/19,1,2,3,4,5,6,7,8,9,10
2018/11/20,1,2,3,4,5,6,7,8,9,10
2018/11/21,1,2,3,4,5,6,7,8,9,10
2018/11/22,1,2,3,4,5,6,7,8,9,10
2018/11/23,1,2,3,4,5,6,7,8,9,10
2018/11/26,1,2,3,4,5,6,7,8,9,10
2018/11/27,1,2,3,4,5,6,7,8,9,10
2018/11/28,1,2,3,4,5,6,7,8,9,10
2018/11/29,1,2,3,4,5,6,7,8,9,10
2018/11/30,1,2,3,4,5,6,7,8,9,10
2018/12/3,1,2,3,4,5,6,7,8,9,10
2018/12/4,1,2,3,4,5,6,7,8,9,10
2018/12/5,1,2,3,4,5,6,7,8,9,10
2018/12/6,1,2,3,4,5,6,7,8,9,10
2018/12/7,1,2,3,4,5,6,7,8,9,10
2018/12/10,1,2,3,4,5,6,7,8,9,10
2018/12/11,1,2,3,4,5,6,7,8,9,10
2018/12/12,1,2,3,4,5,6,7,8,9,10
2018/12/13,1,2,3,4,5,6,7,8,9,10
2018/12/14,1,2,3,4,5,6,7,8,9,10
2018/12/17,1,2,3,4,5,6,7,8,9,10
2018/12/18,1,2,3,4,5,6,7,8,9,10
2018/12/19,1,2,3,4,5,6,7,8,9,10
2018/12/20,1,2,3,4,5,6,7,8,9,10
2018/12/21,1,2,3,4,5,6,7,8,9,10
2018/12/24,1,2,3,4,5,6,7,8,9,10
2018/12/25,1,2,3,4,5,6,7,8,9,10
2018/12/26,1,2,3,4,5,6,7,8,9,10
2018/12/27,1,2,3,4,5,6,7,8,9,10
2018/12/28,1,2,3,4,5,6,7,8,9,10
2019/1/2,1,2,3,4,5,6,7,8,9,10
2019/1/3,1,2,3,4,5,6,7,8,9,10
2019/1/4,1,2,3,4,5,6,7,8,9,10
2019/1/7,1,2,3,4,5,6,7,8,9,10
2019/1/8,1,2,3,4,5,6,7,8,9,10
2019/1/9,1,2,3,4,5,6,7,8,9,10
2019/1/10,1,2,3,4,5,6,7,8,9,10
2019/1/11,1,2,3,4,5,6,7,8,9,10
2019/1/14,1,2,3,4,5,6,7,8,9,10
2019/1/15,1,2,3,4,5,6,7,8,9,10
2019/1/16,1,2,3,4,5,6,7,8,9,10
2019/1/17,1,2,3,4,5,6,7,8,9,10
2019/1/18,1,2,3,4,5,6,7,8,9,10
2019/1/21,1,2,3,4,5,6,7,8,9,10
2019/1/22,1,2,3,4,5,6,7,8,9,10
2019/1/23,1,2,3,4,5,6,7,8,9,10
2019/1/24,1,2,3,4,5,6,7,8,9,10
2019/1/25,1,2,3,4,5,6,7,8,9,10
2019/1/28,1,2,3,4,5,6,7,8,9,10
2019/1/29,1,2,3,4,5,6,7,8,9,10
2019/1/30,1,2,3,4,5,6,7,8,9,10
2019/1/31,1,2,3,4,5,6,7,8,9,10
2019/2/1,1,2,3,4,5,6,7,8,9,10
2019/2/11,1,2,3,4,5,6,7,8,9,10
2019/2/12,1,2,3,4,5,6,7,8,9,10
2019/2/13,1,2,3,4,5,6,7,8,9,10
2019/2/14,1,2,3,4,5,6,7,8,9,10
2019/2/15,1,2,3,4,5,6,7,8,9,10
2019/2/18,1,2,3,4,5,6,7,8,9,10
2019/2/19,1,2,3,4,5,6,7,8,9,10
2019/2/20,1,2,3,4,5,6,7,8,9,10
2019/2/21,1,2,3,4,5,6,7,8,9,10
2019/2/22,1,2,3,4,5,6,7,8,9,10
2019/2/25,1,2,3,4,5,6,7,8,9,10
2019/2/26,1,2,3,4,5,6,7,8,9,10
2019/2/27,1,2,3,4,5,6,7,8,9,10
2019/2/28,1,2,3,4,5,6,7,8,9,10
2019/3/1,1,2,3,4,5,6,7,8,9,10
2019/3/4,1,2,3,4,5,6,7,8,9,10
2019/3/5,1,2,3,4,5,6,7,8,9,10
2019/3/6,1,2,3,4,5,6,7,8,9,10
2019/3/7,1,2,3,4,5,6,7,8,9,10
2019/3/8,1,2,3,4,5,6,7,8,9,10
2019/3/11,1,2,3,4,5,6,7,8,9,10
2019/3/12,1,2,3,4,5,6,7,8,9,10
2019/3/13,1,2,3,4,5,6,7,8,9,10
2019/3/14,1,2,3,4,5,6,7,8,9,10
2019/3/15,1,2,3,4,5,6,7,8,9,10
2019/3/18,1,2,3,4,5,6,7,8,9,10
2019/3/19,1,2,3,4,5,6,7,8,9,10
2019/3/20,1,2,3,4,5,6,7,8,9,10
2019/3/21,1,2,3,4,5,6,7,8,9,10
2019/3/22,1,2,3,4,5,6,7,8,9,10
2019/3/25,1,2,3,4,5,6,7,8,9,10
2019/3/26,1,2,3,4,5,6,7,8,9,10
2019/3/27,1,2,3,4,5,6,7,8,9,10
2019/3/28,1,2,3,4,5,6,7,8,9,10
2019/3/29,1,2,3,4,5,6,7,8,9,10
2019/4/1,1,2,3,4,5,6,7,8,9,10
2019/4/2,1,2,3,4,5,6,7,8,9,10
2019/4/3,1,2,3,4,5,6,7,8,9,10
2019/4/4,1,2,3,4,5,6,7,8,9,10
2019/4/8,1,2,3,4,5,6,7,8,9,10
2019/4/9,1,2,3,4,5,6,7,8,9,10
2019/4/10,1,2,3,4,5,6,7,8,9,10
2019/4/11,1,2,3,4,5,6,7,8,9,10
2019/4/12,1,2,3,4,5,6,7,8,9,10
2019/4/15,1,2,3,4,5,6,7,8,9,10
2019/4/16,1,2,3,4,5,6,7,8,9,10
2019/4/17,1,2,3,4,5,6,7,8,9,10
2019/4/18,1,2,3,4,5,6,7,8,9,10
2019/4/19,1,2,3,4,5,6,7,8,9,10
2019/4/22,1,2,3,4,5,6,7,8,9,10
2019/4/23,1,2,3,4,5,6,7,8,9,10
2019/4/24,1,2,3,4,5,6,7,8,9,10
2019/4/25,1,2,3,4,5,6,7,8,9,10
2019/4/26,1,2,3,4,5,6,7,8,9,10
2019/4/29,1,2,3,4,5,6,7,8,9,10
2019/4/30,1,2,3,4,5,6,7,8,9,10
2019/5/6,1,2,3,4,5,6,7,8,9,10
2019/5/7,1,2,3,4,5,6,7,8,9,10
2019/5/8,1,2,3,4,5,6,7,8,9,10
2019/5/9,1,2,3,4,5,6,7,8,9,10
2019/5/10,1,2,3,4,5,6,7,8,9,10
2019/5/13,1,2,3,4,5,6,7,8,9,10
2019/5/14,1,2,3,4,5,6,7,8,9,10
2019/5/15,1,2,3,4,5,6,7,8,9,10
2019/5/16,1,2,3,4,5,6,7,8,9,10
2019/5/17,1,2,3,4,5,6,7,8,9,10
2019/5/20,1,2,3,4,5,6,7,8,9,10
2019/5/21,1,2,3,4,5,6,7,8,9,10
2019/5/22,1,2,3,4,5,6,7,8,9,10
2019/5/23,1,2,3,4,5,6,7,8,9,10
2019/5/24,1,2,3,4,5,6,7,8,9,10
2019/5/27,1,2,3,4,5,6,7,8,9,10
2019/5/28,1,2,3,4,5,6,7,8,9,10
2019/5/29,1,2,3,4,5,6,7,8,9,10
2019/5/30,1,2,3,4,5,6,7,8,9,10
2019/5/31,1,2,3,4,5,6,7,8,9,10
2019/6/3,1,2,3,4,5,6,7,8,9,10
2019/6/4,1,2,3,4,5,6,7,8,9,10
2019/6/5,1,2,3,4,5,6,7,8,9,10
2019/6/6,1,2,3,4,5,6,7,8,9,10
2019/6/10,1,2,3,4,5,6,7,8,9,10
2019/6/11,1,2,3,4,5,6,7,8,9,10
2019/6/12,1,2,3,4,5,6,7,8,9,10
2019/6/13,1,2,3,4,5,6,7,8,9,10
2019/6/14,1,2,3,4,5,6,7,8,9,10
2019/6/17,1,2,3,4,5,6,7,8,9,10
2019/6/18,1,2,3,4,5,6,7,8,9,10
2019/6/19,1,2,3,4,5,6,7,8,9,10
2019/6/20,1,2,3,4,5,6,7,8,9,10
2019/6/21,1,2,3,4,5,6,7,8,9,10
2019/6/24,1,2,3,4,5,6,7,8,9,10
2019/6/25,1,2,3,4,5,6,7,8,9,10
2019/6/26,1,2,3,4,5,6,7,8,9,10
2019/6/27,1,2,3,4,5,6,7,8,9,10
2019/6/28,1,2,3,4,5,6,7,8,9,10
2019/7/1,1,2,3,4,5,6,7,8,9,10
2019/7/2,1,2,3,4,5,6,7,8,9,10
2019/7/3,1,2,3,4,5,6,7,8,9,10
2019/7/4,1,2,3,4,5,6,7,8,9,10
2019/7/5,1,2,3,4,5,6,7,8,9,10
2019/7/8,1,2,3,4,5,6,7,8,9,10
2019/7/9,1,2,3,4,5,6,7,8,9,10
2019/7/10,1,2,3,4,5,6,7,8,9,10
2019/7/11,1,2,3,4,5,6,7,8,9,10
2019/7/12,1,2,3,4,5,6,7,8,9,10
2019/7/15,1,2,3,4,5,6,7,8,9,10
2019/7/16,1,2,3,4,5,6,7,8,9,10
2019/7/17,1,2,3,4,5,6,7,8,9,10
2019/7/18,1,2,3,4,5,6,7,8,9,10
2019/7/19,1,2,3,4,5,6,7,8,9,10
2019/7/22,1,2,3,4,5,6,7,8,9,10
2019/7/23,1,2,3,4,5,6,7,8,9,10
2019/7/24,1,2,3,4,5,6,7,8,9,10
2019/7/25,1,2,3,4,5,6,7,8,9,10
2019/7/26,1,2,3,4,5,6,7,8,9,10
2019/7/29,1,2,3,4,5,6,7,8,9,10
2019/7/30,1,2,3,4,5,6,7,8,9,10
2019/7/31,1,2,3,4,5,6,7,8,9,10
2019/8/1,1,2,3,4,5,6,7,8,9,10
2019/8/2,1,2,3,4,5,6,7,8,9,10
2019/8/5,1,2,3,4,5,6,7,8,9,10
2019/8/6,1,2,3,4,5,6,7,8,9,10
2019/8/7,1,2,3,4,5,6,7,8,9,10
2019/8/8,1,2,3,4,5,6,7,8,9,10
2019/8/9,1,2,3,4,5,6,7,8,9,10
2019/8/12,1,2,3,4,5,6,7,8,9,10
2019/8/13,1,2,3,4,5,6,7,8,9,10
2019/8/14,1,2,3,4,5,6,7,8,9,10
2019/8/15,1,2,3,4,5,6,7,8,9,10
2019/8/16,1,2,3,4,5,6,7,8,9,10
2019/8/19,1,2,3,4,5,6,7,8,9,10
2019/8/20,1,2,3,4,5,6,7,8,9,10
2019/8/21,1,2,3,4,5,6,7,8,9,10
2019/8/22,1,2,3,4,5,6,7,8,9,10
2019/8/23,1,2,3,4,5,6,7,8,9,10
2019/8/26,1,2,3,4,5,6,7,8,9,10
2019/8/27,1,2,3,4,5,6,7,8,9,10
2019/8/28,1,2,3,4,5,6,7,8,9,10
2019/8/29,1,2,3,4,5,6,7,8,9,10
2019/8/30,1,2,3,4,5,6,7,8,9,10
2019/9/2,1,2,3,4,5,6,7,8,9,10
2019/9/3,1,2,3,4,5,6,7,8,9,10
2019/9/4,1,2,3,4,5,6,7,8,9,10
2019/9/5,1,2,3,4,5,6,7,8,9,10
2019/9/6,1,2,3,4,5,6,7,8,9,10
2019/9/9,1,2,3,4,5,6,7,8,9,10
2019/9/10,1,2,3,4,5,6,7,8,9,10
2019/9/11,1,2,3,4,5,6,7,8,9,10
2019/9/12,1,2,3,4,5,6,7,8,9,10
2019/9/16,1,2,3,4,5,6,7,8,9,10
2019/9/17,1,2,3,4,5,6,7,8,9,10
2019/9/18,1,2,3,4,5,6,7,8,9,10
2019/9/19,1,2,3,4,5,6,7,8,9,10
2019/9/20,1,2,3,4,5,6,7,8,9,10
2019/9/23,1,2,3,4,5,6,7,8,9,10
2019/9/24,1,2,3,4,5,6,7,8,9,10
2019/9/25,1,2,3,4,5,6,7,8,9,10
2019/9/26,1,2,3,4,5,6,7,8,9,10
2019/9/27,1,2,3,4,5,6,7,8,9,10
2019/9/30,1,2,3,4,5,6,7,8,9,10
2019/10/8,1,2,3,4,5,6,7,8,9,10
2019/10/9,1,2,3,4,5,6,7,8,9,10
2019/10/10,1,2,3,4,5,6,7,8,9,10
2019/10/11,1,2,3,4,5,6,7,8,9,10
2019/10/14,1,2,3,4,5,6,7,8,9,10
2019/10/15,1,2,3,4,5,6,7,8,9,10
2019/10/16,1,2,3,4,5,6,7,8,9,10
2019/10/17,1,2,3,4,5,6,7,8,9,10
2019/10/18,1,2,3,4,5,6,7,8,9,10
2019/10/21,1,2,3,4,5,6,7,8,9,10
2019/10/22,1,2,3,4,5,6,7,8,9,10
2019/10/23,1,2,3,4,5,6,7,8,9,10
2019/10/24,1,2,3,4,5,6,7,8,9,10
2019/10/25,1,2,3,4,5,6,7,8,9,10
2019/10/28,1,2,3,4,5,6,7,8,9,10
2019/10/29,1,2,3,4,5,6,7,8,9,10
2019/10/30,1,2,3,4,5,6,7,8,9,10
2019/10/31,1,2,3,4,5,6,7,8,9,10
2019/11/1,1,2,3,4,5,6,7,8,9,10
2019/11/4,1,2,3,4,5,6,7,8,9,10
2019/11/5,1,2,3,4,5,6,7,8,9,10
2019/11/6,1,2,3,4,5,6,7,8,9,10
2019/11/7,1,2,3,4,5,6,7,8,9,10
2019/11/8,1,2,3,4,5,6,7,8,9,10
2019/11/11,1,2,3,4,5,6,7,8,9,10
2019/11/12,1,2,3,4,5,6,7,8,9,10
2019/11/13,1,2,3,4,5,6,7,8,9,10
2019/11/14,1,2,3,4,5,6,7,8,9,10
2019/11/15,1,2,3,4,5,6,7,8,9,10
2019/11/18,1,2,3,4,5,6,7,8,9,10
2019/11/19,1,2,3,4,5,6,7,8,9,10
2019/11/20,1,2,3,4,5,6,7,8,9,10
2019/11/21,1,2,3,4,5,6,7,8,9,10
2019/11/22,1,2,3,4,5,6,7,8,9,10
2019/11/25,1,2,3,4,5,6,7,8,9,10
2019/11/26,1,2,3,4,5,6,7,8,9,10
2019/11/27,1,2,3,4,5,6,7,8,9,10
2019/11/28,1,2,3,4,5,6,7,8,9,10
2019/11/29,1,2,3,4,5,6,7,8,9,10
2019/12/2,1,2,3,4,5,6,7,8,9,10
2019/12/3,1,2,3,4,5,6,7,8,9,10
2019/12/4,1,2,3,4,5,6,7,8,9,10
2019/12/5,1,2,3,4,5,6,7,8,9,10
2019/12/6,1,2,3,4,5,6,7,8,9,10
2019/12/9,1,2,3,4,5,6,7,8,9,10
2019/12/10,1,2,3,4,5,6,7,8,9,10
2019/12/11,1,2,3,4,5,6,7,8,9,10
2019/12/12,1,2,3,4,5,6,7,8,9,10
2019/12/13,1,2,3,4,5,6,7,8,9,10
2019/12/16,1,2,3,4,5,6,7,8,9,10
2019/12/17,1,2,3,4,5,6,7,8,9,10
2019/12/18,1,2,3,4,5,6,7,8,9,10
2019/12/19,1,2,3,4,5,6,7,8,9,10
2019/12/20,1,2,3,4,5,6,7,8,9,10
2019/12/23,1,2,3,4,5,6,7,8,9,10
2019/12/24,1,2,3,4,5,6,7,8,9,10
2019/12/25,1,2,3,4,5,6,7,8,9,10
2019/12/26,1,2,3,4,5,6,7,8,9,10
2019/12/27,1,2,3,4,5,6,7,8,9,10
2019/12/30,1,2,3,4,5,6,7,8,9,10
2019/12/31,1,2,3,4,5,6,7,8,9,10
2020/1/2,1,2,3,4,5,6,7,8,9,10
2020/1/3,1,2,3,4,5,6,7,8,9,10
2020/1/6,1,2,3,4,5,6,7,8,9,10
2020/1/7,1,2,3,4,5,6,7,8,9,10
2020/1/8,1,2,3,4,5,6,7,8,9,10
2020/1/9,1,2,3,4,5,6,7,8,9,10
2020/1/10,1,2,3,4,5,6,7,8,9,10
2020/1/13,1,2,3,4,5,6,7,8,9,10
2020/1/14,1,2,3,4,5,6,7,8,9,10
2020/1/15,1,2,3,4,5,6,7,8,9,10
2020/1/16,1,2,3,4,5,6,7,8,9,10
2020/1/17,1,2,3,4,5,6,7,8,9,10
2020/1/20,1,2,3,4,5,6,7,8,9,10
2020/1/21,1,2,3,4,5,6,7,8,9,10
2020/1/22,1,2,3,4,5,6,7,8,9,10
2020/1/23,1,2,3,4,5,6,7,8,9,10
2020/2/3,1,2,3,4,5,6,7,8,9,10
2020/2/4,1,2,3,4,5,6,7,8,9,10
2020/2/5,1,2,3,4,5,6,7,8,9,10
2020/2/6,1,2,3,4,5,6,7,8,9,10
2020/2/7,1,2,3,4,5,6,7,8,9,10
2020/2/10,1,2,3,4,5,6,7,8,9,10
2020/2/11,1,2,3,4,5,6,7,8,9,10
2020/2/12,1,2,3,4,5,6,7,8,9,10
2020/2/13,1,2,3,4,5,6,7,8,9,10
2020/2/14,1,2,3,4,5,6,7,8,9,10
2020/2/17,1,2,3,4,5,6,7,8,9,10
2020/2/18,1,2,3,4,5,6,7,8,9,10
2020/2/19,1,2,3,4,5,6,7,8,9,10
2020/2/20,1,2,3,4,5,6,7,8,9,10
2020/2/21,1,2,3,4,5,6,7,8,9,10
2020/2/24,1,2,3,4,5,6,7,8,9,10
2020/2/25,1,2,3,4,5,6,7,8,9,10
2020/2/26,1,2,3,4,5,6,7,8,9,10
2020/2/27,1,2,3,4,5,6,7,8,9,10
2020/2/28,1,2,3,4,5,6,7,8,9,10
2020/3/2,1,2,3,4,5,6,7,8,9,10
2020/3/3,1,2,3,4,5,6,7,8,9,10
2020/3/4,1,2,3,4,5,6,7,8,9,10
2020/3/5,1,2,3,4,5,6,7,8,9,10
2020/3/6,1,2,3,4,5,6,7,8,9,10
2020/3/9,1,2,3,4,5,6,7,8,9,10
2020/3/10,1,2,3,4,5,6,7,8,9,10
2020/3/11,1,2,3,4,5,6,7,8,9,10
2020/3/12,1,2,3,4,5,6,7,8,9,10
2020/3/13,1,2,3,4,5,6,7,8,9,10
2020/3/16,1,2,3,4,5,6,7,8,9,10
2020/3/17,1,2,3,4,5,6,7,8,9,10
2020/3/18,1,2,3,4,5,6,7,8,9,10
2020/3/19,1,2,3,4,5,6,7,8,9,10
2020/3/20,1,2,3,4,5,6,7,8,9,10
2020/3/23,1,2,3,4,5,6,7,8,9,10
2020/3/24,1,2,3,4,5,6,7,8,9,10
2020/3/25,1,2,3,4,5,6,7,8,9,10
2020/3/26,1,2,3,4,5,6,7,8,9,10
2020/3/27,1,2,3,4,5,6,7,8,9,10
2020/3/30,1,2,3,4,5,6,7,8,9,10
2020/3/31,1,2,3,4,5,6,7,8,9,10
2020/4/1,1,2,3,4,5,6,7,8,9,10
2020/4/2,1,2,3,4,5,6,7,8,9,10
2020/4/3,1,2,3,4,5,6,7,8,9,10
2020/4/7,1,2,3,4,5,6,7,8,9,10
2020/4/8,1,2,3,4,5,6,7,8,9,10
2020/4/9,1,2,3,4,5,6,7,8,9,10
2020/4/10,1,2,3,4,5,6,7,8,9,10
2020/4/13,1,2,3,4,5,6,7,8,9,10
2020/4/14,1,2,3,4,5,6,7,8,9,10
2020/4/15,1,2,3,4,5,6,7,8,9,10
2020/4/16,1,2,3,4,5,6,7,8,9,10
2020/4/17,1,2,3,4,5,6,7,8,9,10
2020/4/20,1,2,3,4,5,6,7,8,9,10
2020/4/21,1,2,3,4,5,6,7,8,9,10
2020/4/22,1,2,3,4,5,6,7,8,9,10
2020/4/23,1,2,3,4,5,6,7,8,9,10
2020/4/24,1,2,3,4,5,6,7,8,9,10
2020/4/27,1,2,3,4,5,6,7,8,9,10
2020/4/28,1,2,3,4,5,6,7,8,9,10
2020/4/29,1,2,3,4,5,6,7,8,9,10
2020/4/30,1,2,3,4,5,6,7,8,9,10
